tag,count
微信取证,8
内存取证,7
沙箱,6
流量分析,5
PCAP,5
威胁情报,5
Android,4
360,4
数据库解密,4
数据恢复,4
逆向工程,4
可视化,4
网络空间,4
Linux,3
浏览器取证,3
密码解密,3
静态分析,3
CTF,3
网络取证,3
密码破解,3
磁盘镜像,3
隐写术,3
命令行,3
Windows,3
事件日志,3
Sigma,3
DFIR,3
应急响应,3
volatility,2
内存转储,2
内存镜像,2
Azure,2
解析工具,2
SSH,2
密码提取,2
Navicat,2
Python,2
动态分析,2
恶意软件,2
聊天备份,2
磁盘分析,2
E01,2
磁盘取证,2
文件雕刻,2
元数据,2
恶意软件分析,2
PE分析,2
协议分析,2
Zeek,2
域名,2
GUI,2
远程取证,2
注册表,2
威胁狩猎,2
登录分析,2
日志解析,2
入侵检测,2
哈希,2
IOC扫描,2
YARA,2
取证发行版,2
容器安全,2
IOC,2
IP查询,2
知道创宇,2
Whois,2
付费软件,1
现场取证,1
分段存储,1
Python3,1
虚拟文件系统,1
进程分析,1
云取证,1
Web平台,1
Volatility3,1
服务器取证,1
宝塔面板,1
小皮面板,1
Finalshell,1
微信防撤回,1
QQ防撤回,1
多开,1
Cookie,1
内网横向,1
MobaXterm,1
数据库取证,1
apk解析,1
全流量,1
大规模,1
key提取,1
聊天记录导出,1
数据导出,1
MCP,1
HTML导出,1
漏洞利用,1
智能移动端取证,1
SQLCipher,1
数字取证,1
数据提取,1
磁盘扫描,1
特征提取,1
镜像挂载,1
卷影副本,1
编码解码,1
加密解密,1
数据处理,1
固件分析,1
文件提取,1
分区修复,1
文件恢复,1
多线程,1
EXIF,1
文件分析,1
图像取证,1
篡改检测,1
恶意软件检测,1
规则匹配,1
模式识别,1
能力检测,1
配置提取,1
VirusTotal,1
行为分析,1
Procmon,1
沙箱辅助,1
Office取证,1
宏分析,1
VBA,1
PDF分析,1
Office,1
恶意文档,1
时间线分析,1
日志分析,1
事件重建,1
数据隐藏,1
图像隐写,1
取证工作站,1
综合工具集,1
虚拟机,1
安全工具,1
抓包,1
网络监控,1
日志生成,1
C2检测,1
Beacon,1
协议解析,1
综合应用,1
红队命令速查,1
虚拟身份生成,1
反弹shell命令,1
whois,1
MD5,1
SHA1,1
SHA256,1
文件系统,1
哈希校验,1
云端,1
自动化,1
插件化,1
Windows取证,1
MFT,1
Prefetch,1
时间线,1
Hayabusa,1
结果分析,1
Nim,1
批量解析,1
SRUM,1
应用执行,1
网络使用,1
PowerShell,1
反编译,1
NSA,1
调试器,1
十六进制,1
模式语言,1
移动取证,1
间谍软件检测,1
iOS,1
Android取证,1
应用数据,1
iOS取证,1
plist,1
动态插桩,1
Hook,1
移动安全,1
端点监控,1
事件响应,1
Google,1
国产工具,1
自动化分诊,1
免费版,1
免费,1
端点采集,1
RAM,1
XDR,1
SIEM,1
PNG,1
BMP,1
位平面,1
图像分析,1
GPU加速,1
字典攻击,1
自动解密,1
AI,1
威胁检测,1
Chrome取证,1
浏览器,1
历史记录,1
URL解析,1
时间戳,1
APT检测,1
OSINT,1
Ubuntu,1
意大利,1
图数据库,1
检测规则,1
CLI,1
RSA,1
密码学,1
国产,1
WgpSec,1
安全检查,1
Rootkit,1
指纹探测,1
资产梳理,1
棱洞,1
蜜罐,1
攻击溯源,1
协议仿真,1
Java,1
污点分析,1
长亭,1
镜像扫描,1
STIX2,1
绿盟,1
漏洞情报,1
安恒,1
APT,1
天际友盟,1
Kubernetes,1
eBPF,1
云安全,1
AWS,1
资产测绘,1
白帽汇,1
奇安信,1
资产发现,1
服务识别,1
设备搜索,1
漏洞,1
PoC,1
密码恢复,1
加密破解,1
取证,1
关联分析,1
在线工具,1
DNS,1
linux,1
